BreadthWindow,CAGR,MaxDD,Calmar,TotalReturn
200,0.10227430366511636,-0.04679760128106521,2.185460383981211,0.4362601143683351
240,0.11364435141388385,-0.041222200173994604,2.7568725331060184,0.4921195483500018
290,0.1180762146619303,-0.04082120740223644,2.8925213675933885,0.514316880730002
350,0.0692027308470935,-0.08818420839897657,0.7847519652724652,0.2665872650750014
